{
  "speed_differential": {
    "delta_v_kmh": 10.098612964430572,
    "motos_mean_kmh": 59.885356626815074,
    "cars_mean_kmh": 49.7867436623845,
    "motos_median_kmh": 60.00000000000001,
    "cars_median_kmh": 50.0,
    "motos_std_kmh": 1.1577233874331818,
    "cars_std_kmh": 1.647715968953733,
    "sample_sizes": {
      "motos": 1947,
      "cars": 3122
    }
  },
  "throughput_ratio": {
    "throughput_ratio": 0.6666666666666666,
    "Q_motos_veh_per_h": 503.4965034965035,
    "Q_cars_veh_per_h": 755.2447552447553,
    "time_window_h": 0.03972222222222222,
    "unique_motos": 20,
    "unique_cars": 30
  },
  "fundamental_diagrams": {
    "motorcycle": {
      "rho_mean": 0.036000000000000004,
      "rho_max": 0.04,
      "Q_mean": 1154.8138639281128,
      "Q_max": 1600.0,
      "V_mean": 59.80331684922761,
      "V_max": 60.000000000000014,
      "data_points": {
        "rho": [
          0.024,
          0.04,
          0.04,
          0.04
        ],
        "Q": [
          1600.0,
          1263.157894736842,
          878.0487804878048,
          878.0487804878048
        ],
        "V": [
          59.37039924542505,
          59.84286973321426,
          59.99999841827113,
          60.000000000000014
        ]
      },
      "n_segments": 4
    },
    "car": {
      "rho_mean": 0.051,
      "rho_max": 0.06,
      "Q_mean": 1198.2870809764245,
      "Q_max": 1521.1267605633802,
      "V_mean": 49.60492648481902,
      "V_max": 50.0,
      "data_points": {
        "rho": [
          0.024,
          0.06,
          0.06,
          0.06
        ],
        "Q": [
          1234.2857142857142,
          1521.1267605633802,
          1018.8679245283018,
          1018.8679245283018
        ],
        "V": [
          48.986141939791004,
          49.456794125655875,
          49.97676987382921,
          50.0
        ]
      },
      "n_segments": 4
    }
  },
  "infiltration_rate": {
    "infiltration_rate": 0.0,
    "motos_in_car_zones": 0,
    "total_motos": 72,
    "n_car_zones": 0,
    "n_total_segments": 4
  },
  "segregation_index": {
    "segregation_index": 0.15566660524139594,
    "position_separation_m": 75.92128404210553,
    "motos_position_mean_m": 1166.1760423431815,
    "cars_position_mean_m": 1242.097326385287,
    "motos_position_std_m": 504.06478614222544,
    "cars_position_std_m": 474.99514855416805
  },
  "statistical_summary": {
    "ks_test": {
      "statistic": 0.9953775038520801,
      "p_value": 0.0,
      "interpretation": "Distributions differ significantly"
    },
    "mann_whitney_u": {
      "statistic": 6050817.0,
      "p_value": 0.0,
      "interpretation": "Motos significantly faster"
    },
    "sample_sizes": {
      "motos": 1947,
      "cars": 3122
    }
  }
}