{
  "study_name": "convergence_study_weno5",
  "description": "Mesh refinement study to verify WENO5 convergence order",
  "refinements": {
    "dx_values": [
      5.0,
      2.5,
      1.25
    ],
    "L2_errors": [
      4.956236988675391e-05,
      1.7858874549089887e-06,
      6.545935997003326e-08
    ],
    "convergence_orders": [
      4.794532102360976,
      4.769897859220991
    ],
    "average_order": 4.782214980790983
  },
  "validation": {
    "average_order": 4.782214980790983,
    "target_order": 4.5,
    "theoretical_order": 5.0,
    "order_passed": true,
    "test_passed": true
  }
}