{
  "baseline": {
    "mean_reward": 287.16666666666714,
    "std_reward": 0.0,
    "mean_density": 0.10000000000000005,
    "mean_throughput": 583.3333333333342
  },
  "rl_dqn": {
    "mean_reward": 288.66666666666714,
    "std_reward": 0.0,
    "mean_density": 0.10000000000000005,
    "mean_throughput": 583.3333333333342
  },
  "improvement": {
    "reward": 0.5223447475333711,
    "density": 0.0,
    "throughput": 0.0
  }
}