{
  "mean_reward": 288.66666666666714,
  "std_reward": 0.0,
  "mean_density": 0.10000000000000005,
  "mean_throughput": 583.3333333333342
}